"","V1","V2","V3","V4","V5","V6","V7","C1","C2","C3","C4","C5","C6","C7","FY","CY"
"1",0,0,0,17250682.8953349,0,0,0,0,0,0,6572.66666666667,0,0,0,2003,2003
"2",106826.735407775,0,0,2903742.29991111,0,0,0,332.969230769231,0,0,1704.0873015873,0,0,0,2003,2003
"3",0,11559990.0011435,0,0,0,0,0,0,3465.125,0,0,0,0,0,2003,2003
"4",0,0,0,0,0,0,0,0,0,0,0,0,0,0,2004,2003
"5",0,3051626.16402026,0,82468.1206447003,681946.39999183,0,0,0,2012.33887695039,0,287.179856115108,1157.03896103896,0,0,2004,2003
"6",0,0,0,43960363.14772,0,0,0,0,0,0,11576.8125,0,0,0,2004,2003
"7",0,2154469.96771725,1897628.18919669,1480436.3505771,0,0,0,0,2466.84931506849,2456.80677135538,2158.49315068493,0,0,0,2004,2004
"8",0,2478631.36608212,0,0,0,0,0,0,1574.43396226415,0,0,0,0,0,2004,2004
"9",0,0,0,6405683.14418569,0,0,0,0,0,0,3537.1875,0,0,0,2004,2004
"10",0,0,0,45936113.0008679,0,0,0,0,0,0,8969.53846153846,0,0,0,2005,2004
"11",0,0,0,14936873.8570184,0,0,0,0,0,0,5125.09433962264,0,0,0,2005,2004
"12",160740.721070262,0,5786665.95852945,9346385.65216522,163805.985377581,0,642962.88428105,406.484848484848,0,2438.90909090909,5690.78787878788,406.484848484848,0,812.969696969697,2005,2004
"13",0,1525768.94909188,4931864.13872252,20970733.0715906,580437.166592583,0,591272.374237333,0,1938.19875776398,4264.03049124788,7350.61084272678,775.272727272727,0,775.27950310559,2005,2005
"14",96083.8745283785,0,0,384335.498113514,0,0,0,313.56862745098,0,0,627.137254901961,0,0,0,2005,2005
"15",0,0,0,0,0,0,0,0,0,0,0,0,0,0,2005,2005
"16",0,0,274671.199126915,0,0,0,0,0,0,524.095652173913,0,0,0,0,2006,2005
"17",0,0,0,24855597.7918603,3976895.64669764,0,0,0,0,0,4985.63758389262,1994.25503355705,0,0,2006,2005
"18",1332998.21014293,10933559.54582,2996469.11685033,6871962.41333783,0,0,8331238.81339332,1159.65853658537,6961.38800040107,1735.82142857143,4638.63414634146,0,0,2899.14634146341,2006,2005
"19",0,0,0,0,0,0,0,0,0,0,0,0,0,0,2006,2006
"20",0,0,3312796.11192103,7409369.80006444,7409369.80006444,0,0,0,0,1820.16806722689,2753.38983050847,2753.38983050847,0,0,2006,2006
"21",0,4413513.12429426,84689.0388687488,3235308.70023796,0,0,0,0,3153.64480874317,292.333333333333,2861.31147540984,0,0,0,2006,2006
"22",0,0,1373994.61183396,0,0,0,0,0,0,1172.1884057971,0,0,0,0,2007,2006
"23",0,0,745492.267752147,5315041.42859084,6586191.58634282,0,0,0,0,863.438356164384,3011.37953263497,2577.52941176471,0,0,2007,2006
"24",0,0,0,150971239.691688,0,0,0,0,0,0,12595.2577319588,0,0,0,2007,2006
"25",0,1977061.69032792,0,26577371.1759019,0,0,0,0,1414.03636363636,0,7133.93922396622,0,0,0,2007,2007
"26",0,0,0,0,0,0,0,0,0,0,0,0,0,0,2007,2007
"27",0,0,0,0,0,0,0,0,0,0,0,0,0,0,2007,2007
"28",0,0,0,0,0,0,0,0,0,0,0,0,0,0,2008,2007
"29",2146924.91090814,3929814.83333998,5705588.72085476,0,12952055.9291524,0,116440.586139893,2051.89884135472,1977,2387.95145631068,0,4657.93181818182,0,341.135922330097,2008,2007
"30",0,0,796194.701546722,258677.369620174,0,0,0,0,0,1237.86805783766,508.603351955307,0,0,0,2008,2007
"31",0,27063.001152455,1647552.37587163,6762817.35288465,242371.889310662,0,0,0,164.111111111111,1805.18799368088,3610.34175882043,492.312796208531,0,0,2008,2008
"32",0,0,0,12043167.8376806,3440215.59305785,3440168.89940829,0,0,0,0,5564.32657342657,1854.78181818182,1854.76923076923,0,2008,2008
"33",0,0,0,0,0,0,0,0,0,0,0,0,0,0,2008,2008
"34",0,0,0,0,0,0,0,0,0,0,0,0,0,0,2009,2008
"35",0,0,0,0,0,0,0,0,0,0,0,0,0,0,2009,2008
"36",602038.036635924,6855504.69057452,12327931.2362308,38344828.9626197,5321429.40627288,0,18378912.224791,1071.62790697674,4822.32558139535,4822.32558139535,9644.63953488372,3750.6976744186,0,4286.51162790698,2009,2008
"37",0,0,0,122783.309683121,29687.1999538845,480386.215839296,0,0,0,0,350.404494382022,174.196531791908,696.78612716763,0,2009,2009
"38",0,86716.9505098855,868772.124439811,413107.479427673,0,0,0,0,294.477419354839,1472.38709677419,1177.90967741935,0,0,0,2009,2009
"39",0,0,7787756.34036815,0,0,0,0,0,0,2786.11764705882,0,0,0,0,2009,2009
"40",0,0,0,0,0,0,0,0,0,0,0,0,0,0,2010,2009
"41",0,45308.523125941,0,6510095.54466991,0,0,0,0,212.85798816568,0,5244.3025511811,0,0,0,2010,2009
"42",0,1285170.69609402,2432743.82483518,23233904.7932294,268705.951791313,0,137934.043091282,0,1935.62623499012,3064.74418604651,9179.92244993529,645.209302325581,0,483.906976744186,2010,2009
"43",0,1218203.8605125,1953098.33206346,1938302.69642867,0,0,0,0,1396.1155638397,1396.13793103448,2085.01451905626,0,0,0,2010,2010
"44",0,101172.489412443,3642209.61884796,0,0,0,0,0,320.603773584906,1923.62264150943,0,0,0,0,2010,2010
"45",0,0,0,0,0,0,0,0,0,0,0,0,0,0,2010,2010
"46",0,0,0,0,0,0,0,0,0,0,0,0,0,0,2011,2010
"47",671416.522981805,854266.897057113,169990.161764278,24251953.440791,169990.161764278,174306.25,0,824.294871794872,1241.79487179487,412.147435897436,6055.32428355958,412.147435897436,417.5,0,2011,2010
"48",268771.618417909,19759375.520203,20487717.2117328,97303335.7822428,23393653.638769,0,1889831.54523207,517.509259259259,6429.05733618234,6926.66239316239,17728.3106162843,4836.69863013699,0,2109.84544159544,2011,2010
"49",0,55093.64503132,722057.40558164,1081176.12950927,168142.71471696,0,0,0,400.759145664408,1602.67891324483,1708.89719049089,526.126067716373,0,0,2011,2011
"50",0,0,0,1913421.78540415,39049.1965973535,0,0,0,0,0,1383.26490066225,197.608695652174,0,0,2011,2011
"51",0,0,0,0,0,0,0,0,0,0,0,0,0,0,2011,2011
"52",0,0,0,0,0,0,0,0,0,0,0,0,0,0,2012,2011
"53",0,1549273.5720741,0,11243504.5888475,447633.423966128,0,27977.088997883,0,1942.60561497326,0,5827.89705882353,667.166666666667,0,166.791666666667,2012,2011
"54",0,284657.976332396,0,0,1138631.90532958,0,0,0,539.813333333333,0,0,1079.62666666667,0,0,2012,2011
"55",49461.7125271425,681990.598349161,15783962.76759,24726051.5530322,4350402.44467541,193694.023792684,424883.510974055,222.234848484848,1333.40909090909,7778.25395256917,8203.70478983382,2444.58333333333,439.698924731183,888.939393939394,2012,2012
"56",54239.7650832104,55299.6981395755,756250.016664372,54239.7650832104,221198.792558302,0,0,232.544444444444,235.158878504673,1175.79439252336,232.544444444444,470.317757009346,0,0,2012,2012
"57",0,0,0,4461640.43946111,1615294.56756627,0,0,0,0,0,2904.46985645933,1276.55421686747,0,0,2012,2012
"58",55827.5247867749,0,0,3979477.42956931,1200533.68866976,0,289640.610299556,334.229512335882,0,0,2307.56605079742,1237.20159151194,0,538.182692307692,2013,2012
"59",52622.2260681449,12310.0624422717,3995249.30242046,4429936.92683257,498118.145292192,0,22498.5646872227,229.395348837209,111.513888888889,3151.61012761694,3170.71284079523,788.839107736118,0,212.166950113379,2013,2012
"60",33915.8719517951,16782408.0479529,1045325.25474589,6215076.91585166,4549552.01226222,0,81555.6683936879,186.753846153846,5907.59794275492,1743.33059033989,3374.05697674419,3657.08837209302,0,389.144186046512,2013,2012
"61",0,0,2569328.48265625,209741.100625,0,0,52435.27515625,0,0,1602.9125,457.975,0,0,228.9875,2013,2013
"62",280813.805261838,502005.64709698,165657.195433712,5844629.86324444,495055.651820271,0,134445.415167069,789.56983408802,1109.13906074241,655.920490093848,4683.618249269,964.520846846699,0,491.938347236705,2013,2013
"63",23143.5338261885,21923.8172801132,232255.226705601,120365.440832573,0,0,0,151.738095238095,147.817796610169,611.169735984355,463.351939374185,0,0,0,2013,2013
"64",35684.8682234573,582072.077579983,7773587.37803641,29083553.6169528,0,0,40256.3254078856,190.245454545455,760.981818181818,4523.46972654675,11520.8784463983,0,0,200.469387755102,2014,2013
"65",65541.1128534918,2459839.34873505,14616866.1058615,1198848.12892379,3143257.33316177,0,1082967.26141632,255.804761904762,2579.65524956971,7791.05525839622,1541.00218014917,2904.92926872324,0,1035.56626506024,2014,2013
"66",8229.7569948952,1886137.09652165,3928714.1861412,782968.280592808,0,0,20289.7557319179,90.3670886075949,2013.70737355202,3782.29948118513,1675.3105466986,0,0,189.855074380165,2014,2013
"67",106414.769642847,103639.448120774,1127929.18981548,13544569.6654535,0,0,0,325.246753246753,325.246753246753,1716.54275324675,5127.14434632035,0,0,0,2014,2014
"68",0,0,0,0,0,0,0,0,0,0,0,0,0,0,2014,2014
"69",0,0,0,0,0,0,0,0,0,0,0,0,0,0,2014,2014
"70",0,0,151714.785997799,0,0,0,0,0,0,531.970954356847,0,0,0,0,2015,2014
"71",0,0,0,230913.977753986,0,0,0,0,0,0,483.651162790698,0,0,0,2015,2014
"72",708826.537276135,8198165.82671791,80835810.2214211,1364779.67775502,17739665.6501355,0,0,841.918367346939,5177.79591836735,10413.4770408163,1536.5,4209.59183673469,0,0,2015,2014
"73",0,9400081.07865518,89378.8972436262,943170.673530877,22344.7243109065,627141.617037841,89378.8972436262,0,4563.97140454163,298.60162601626,1099.16288197365,149.30081300813,1401.86526978493,298.60162601626,2015,2015
"74",0,0,0,0,0,0,0,0,0,0,0,0,0,0,2015,2015
"75",34357.4457699224,201116.320847645,8054008.92636559,2355127.74324157,137429.783079689,0,0,185.35761589404,701.184505021521,5015.64992826399,1998.68445656408,370.715231788079,0,0,2015,2015
"76",0,15710.8465359349,0,1272578.56941073,769831.48026081,0,0,0,125.739316239316,0,1131.65384615385,880.175213675214,0,0,2016,2015
"77",0,133085.604016573,3724424.24345165,3045372.16254802,0,0,0,0,516.818681318681,2365.32005494505,1753.375,0,0,0,2016,2015
"78",0,18648.4531415988,195814.811394242,3204702.53418185,0,0,0,0,136.376470588235,545.505882352941,3025.85294117647,0,0,0,2016,2015
"79",0,241603.338958431,235473.052346348,1064290.46088119,0,0,0,0,689.588697017268,864.585785953177,1415.93369565217,0,0,0,2016,2016
"80",8344.08722675559,0,33376.3489070224,506562.214650958,183269.61,0,0,91.0851063829787,0,182.170212765957,1054.31010638298,428.1,0,0,2016,2016
"81",0,401367.533757499,792965.158199156,0,0,0,0,0,736.216718705649,1097.23417541868,0,0,0,0,2016,2016
"82",0,0,299086.869906069,0,0,0,15172.046540102,0,0,546.439461883408,0,0,0,122.725,2017,2016
"83",0,0,69040.5949416378,2351196.78630115,0,0,13286.3853511197,0,0,479.747367278254,1846.00580922505,0,0,115.098360655738,2017,2016
"84",0,71284.4570070944,0,481711.763815596,5317724.6106566,168003.307948426,0,0,444.429201101928,0,920.164102564103,3730.40377198559,407.8,0,2017,2016
"85",0,86460.5527565752,2374006.23155284,3261380.73950182,148456.707396941,0,77807.012638897,0,415.480952380952,2248.97914913511,2410.55913978495,384.559139784946,0,394.879569892473,2017,2017
"86",0,16116.8664926887,86395.9585376699,0,33686.639503934,0,40426.86855485,0,126.888888888889,391.990929705215,0,259.439909297052,0,253.777777777778,2017,2017
"87",0,0,0,960890.0625,0,0,0,0,0,0,980.25,0,0,0,2017,2017
"88",0,0,15916.0782421824,0,0,0,14940.9651349469,0,0,126.158940397351,0,0,0,122.115384615385,2018,2017
"89",0,577739.22844366,256368.406326576,8279110.55911521,3140512.97750056,0,0,0,759.507352941176,506.328358208955,4810.17866549605,1772.14925373134,0,0,2018,2017
"90",0,0,354089.912066116,168651.672034621,44260.5628150826,0,22129.9433109504,0,0,595.054545454545,409.1,297.525,0,148.761363636364,2018,2017
"91",0,0,6421323.51060424,0,133779.385945388,0,0,0,0,2557.13684210526,0,365.305263157895,0,0,2018,2018
"92",0,0,0,0,0,0,0,0,0,0,0,0,0,0,2018,2018
"93",0,0,0,0,0,0,0,0,0,0,0,0,0,0,2018,2018
"94",0,0,0,0,0,0,0,0,0,0,0,0,0,0,2019,2018
"95",242200.75448025,0,145780.011617393,30540574.3745949,6137759.52938838,0,145780.011617393,689.448358953054,0,381.496551724138,11063.2956253217,3051.9724137931,0,381.496551724138,2019,2018
"96",735227.882639708,130615333.377266,29852701.1617232,142437968.109046,75500378.1256856,0,360586.799549827,1211.11863075196,26472.6389277389,7982.13518086851,22259.4025123025,18454.4824484158,0,599.691358024691,2019,2018
"97",143103.500250531,0,3577587.50626327,9158624.01603396,0,159426.312317166,143103.500250531,377.76,0,1888.8,3022.08,0,399.040268456376,377.76,2019,2019
"98",163910.875525125,0,2622574.008402,0,163910.875525125,0,655643.502100501,404.213483146067,0,1616.85393258427,0,404.213483146067,0,808.426966292135,2019,2019
"99",0,0,0,0,0,0,42350.8845267047,0,0,0,0,0,0,205.375,2019,2019
"100",0,0,0,0,0,0,0,0,0,0,0,0,0,0,2020,2019
"101",589042.192587657,0,9743860.82393352,511166.681344596,1127153.59881891,0,4508614.39527564,1476.7987854251,0,3121.51578947368,712.846153846154,1069.26923076923,0,2138.53846153846,2020,2019
"102",412101.681706272,2255140.07309674,23548404.0103332,34562342.4933061,412101.681706272,0,41320805.0888313,636.460317460317,1513.10416666667,8237.96789832285,9630.99503968254,636.460317460317,0,8718.31039420485,2020,2019
"103",160272.869223242,361130.736118402,0,20513529.2503159,17241581.4815006,0,0,398.609195402299,811.454433497537,0,6975.66091954023,4783.31034482759,0,0,2020,2020
"104",1320.69359732357,0,21131.0975571771,0,1320.69359732357,0,5282.77438929428,153.988764044944,0,615.955056179775,0,153.988764044944,0,307.977528089888,2020,2020
"105",0,0,0,0,0,0,415.581715317602,0,0,0,0,0,0,109.60119047619,2020,2020
"106",0,265030.235884882,265030.235884882,0,265030.235884882,0,0,0,514.521951219512,514.521951219512,0,514.521951219512,0,0,2021,2020
"107",0,4628459.7510524,691240.555024482,1961592.77247238,6664870.38527285,0,2251546.77238157,0,2151.38554216867,830.53488372093,1957.59458521347,2581.64102564103,0,2521.62398430933,2021,2020
"108",0,0,0,0,1758395.99160858,0,2274521.43429233,0,0,0,0,1323.21367521368,0,1984.82051282051,2021,2020
"109",0,0,331577.093405118,1948742.34718971,14932523.568211,0,204363.693404129,0,0,773.752293577982,1820.79645828888,5363.95665336452,0,781.439513548112,2021,2021
"110",0,0,289691.644076498,6928961.748389,289691.644076498,0,0,0,0,544.519736842105,3557.5350877193,544.519736842105,0,0,2021,2021
"111",0,0,0,0,0,0,0,0,0,0,0,0,0,0,2021,2021
"112",0,1881132.09139779,1077273.41429415,209014.676821976,0,0,209014.676821976,0,1369.93103448276,1369.93103448276,456.64367816092,0,0,456.64367816092,2022,2021
"113",0,0,0,0,0,0,0,0,0,0,0,0,0,0,2022,2021
"114",0,6157413.81490431,26060283.6900756,20822037.4342699,14761231.2704352,280071.991839521,578389.928729718,0,5349.43368942157,9642.05549765503,6340.87128712871,6536.98070838012,528.405940594059,1056.81188118812,2022,2021
"115",0,0,13914109.930608,803679.282017882,41093314.3942507,380153.221605283,12787479.7353724,0,0,6886.98474430689,1257.10975609756,11986.4358866438,616.103773584906,5726.5234671251,2022,2022
"116",0,0,0,0,0,0,0,0,0,0,0,0,0,0,2022,2022
"117",0,2038407.18588076,2489372.9603264,796886.615748098,7171979.54173288,0,0,0,1784.12987012987,2665.96653346653,892.064935064935,2676.19480519481,0,0,2022,2022
"118",0,0,3418540.77110994,13062228.754921,4102192.11696965,0,6634691.93743015,0,0,2574.375,4863.26380368098,2538.68922546012,0,2574.375,2023,2022
"119",0,1974863.05812811,12875048.7603306,515001.950413223,74160280.8595041,0,0,0,1403.37777777778,3588.18181818182,717.636363636364,8611.63636363636,0,0,2023,2022
"120",0,6075265.46670381,201981997.624384,6630440.30950939,0,0,0,0,2456.66666666667,18425,2555.78260869565,0,0,0,2023,2022
