"","V1","V2","V3","V4","V5","V6","V7","FY","CY"
"1",780.019871622223,1484.08881899121,14.7983701301241,22704.1129380534,27.0617394158164,8.19023319855174e-10,0.0281623040173268,2003,2003
"2",1870.29861258512,3558.4853156878,35.4829051538534,13925.4563010489,64.8874926458984,1.9638194288746e-09,0.0675263798360212,2003,2003
"3",1011.24464939975,12588.6666017657,125.526009921892,8680.4592073465,229.549074698332,6.94730084937666e-09,0.23888452731062,2003,2003
"4",361.505651962902,7956.92682266198,304.748578314349,5916.32763612117,557.292900580684,1.68664650321237e-08,0.579957254472647,2004,2003
"5",102.213763983598,8829.56737354639,580.840972117735,7027.74510797422,1062.18231408352,3.2146938960756e-08,1.10537984241932,2004,2003
"6",88.4442466050558,13219.3462911041,3113.31232431761,31434.3491032145,833.15267734286,1.72307853715458e-07,5.9248449259856,2004,2003
"7",27.9674469649374,10769.7673751662,4067.98240577392,11251.6214435765,161.952673458253,2.25144554825475e-07,7.74164696795435,2004,2004
"8",56.0530661465479,10332.9015710987,2300.45001060208,9610.85208970832,98.7266916258636,8.30985725943788e-07,28.5736340843459,2004,2004
"9",229.631629877864,7238.07579807602,2080.46212802606,23136.0719102316,121.047600921948,3.88077499722284e-06,133.441335118463,2004,2004
"10",640.423354419413,3569.36847733745,2324.82178270911,36687.2380344734,203.394014139491,1.10487834930691e-05,379.914945289294,2005,2004
"11",1345.70178458695,2283.84195017278,3793.45774914966,30979.2696669377,385.258667312387,2.32872952684262e-05,800.73896944307,2005,2004
"12",2512.30445596105,2837.93375079134,6783.67184245053,25754.8727517938,707.728765147696,4.34946498237634e-05,1495.57347363515,2005,2004
"13",1696.15130967923,7087.83558929401,9058.87039793685,26578.279602728,1009.528383254,0.000117234060809111,1548.81076382325,2005,2005
"14",2225.4073533176,2705.34814044171,3234.67399693188,11249.3486899733,469.777837344497,0.000272999504281586,573.916450056661,2005,2005
"15",1397.65259281835,2401.50775782696,2182.50853939796,8761.06069692292,677.904397243379,0.000947452340941098,456.17889543412,2005,2005
"16",938.228800136963,2731.29935719759,1705.67252960209,8583.43245430009,1065.09136233211,0.00187242055679124,458.762804656831,2006,2005
"17",1419.76231564456,5148.54975788553,1160.83888770076,15440.5044844001,2165.20951655331,0.00395521005597303,832.612065364581,2006,2005
"18",6795.28561486058,25692.5635248286,4086.7419400373,23210.4643118973,2122.12742162134,0.0200910037543926,4128.23249296593,2006,2005
"19",1980.46828808198,9300.66571907813,2488.88597880535,10742.6269021122,1651.64877647284,0.0401206435779299,1202.78927636922,2006,2006
"20",742.281083479535,8130.27896696984,4258.13461865545,14218.8771462527,3266.23023407597,0.102832394438799,449.849822593823,2006,2006
"21",243.074431813747,12903.4006245706,2465.27420095229,13642.102577396,1322.83736026305,0.227265030768495,145.202886603577,2006,2006
"22",147.382188505357,7602.12312191496,3754.27527562855,17293.7349284924,1739.70072918991,0.854554667171651,80.2309223865266,2007,2006
"23",83.6399800484229,3842.42886673276,2650.83920796418,29028.8768743272,2984.16708468162,2.01144862721266,28.8999091072495,2007,2006
"24",104.790445786651,4152.6117635646,937.578825558926,47816.1723350465,1041.4161789661,4.66022346087972,12.8907017844601,2007,2006
"25",154.267018100152,5813.37728558882,299.643932214031,28368.3776002696,310.254079619681,7.83077364571121,8.4060394895994,2007,2007
"26",445.459058844117,2733.99775539331,334.662664696312,12342.4697789697,295.453137172107,23.0884112412987,19.0827534894571,2007,2007
"27",1302.84095292926,1854.5582714068,746.90450237686,5691.51080368826,601.70151692078,67.7352343193469,53.5431931683105,2007,2007
"28",5567.03432029116,4082.17537497824,3046.44468973883,5296.60160475797,2406.89488533706,289.562649805618,227.370669253035,2008,2007
"29",13194.3238831848,8345.75703430292,7170.13005643842,5971.94702808718,5647.73771947173,686.33208348474,538.395975130211,2008,2007
"30",3122.95070715292,2292.92541917237,5329.1157744747,8093.7183560582,1731.0522545019,1108.42214586558,140.60758324594,2008,2007
"31",932.442300204783,1312.25915846082,4672.36791698954,13271.8103207253,1296.11869290462,2200.5285928433,68.021069416819,2008,2008
"32",1088.71895342984,1784.94866031732,4796.2565796601,27106.1433212866,3241.46308706672,14614.8826657331,247.187462597332,2008,2008
"33",779.858251000354,1754.05715872267,2195.51750202226,10656.6586281298,1338.99278600352,5047.80736935595,492.66377082017,2008,2008
"34",1118.16083982683,2975.01531556489,1948.11054067146,6804.19681010317,968.862638382406,1992.5782375632,1011.73718784114,2009,2008
"35",4420.87101543227,12178.1786771371,6617.65128679167,19240.3990366648,2970.93895425854,3136.81638756755,4276.13317100301,2009,2008
"36",7190.31790086616,19914.1119477361,10484.3777481606,29323.4898495233,4611.02920270249,3882.71685823723,7025.88690414128,2009,2008
"37",1632.16695011022,4861.8645687565,3386.41421141407,8596.47355929475,1235.7140258476,5751.21848853804,1600.44436464793,2009,2009
"38",984.327351774577,4342.33276091433,6199.21629025857,9520.25373436061,767.756706819219,3466.20711982777,988.334435627638,2009,2009
"39",555.422788417964,3756.34868410724,9358.53904062945,10528.565785701,519.81768299758,1947.25842662113,646.651311850292,2009,2009
"40",166.882446516994,3714.71044706175,4394.25203998326,13373.364834708,327.647177313057,568.034873010492,370.446278144399,2010,2009
"41",60.9034616129879,6435.21791523404,4711.77272535117,24934.8435266013,456.3590861135,173.835951306968,481.191845938784,2010,2009
"42",38.6300917291153,10464.8025379402,7794.65665830691,49656.854485109,810.23191015403,58.5106983508311,840.22946868735,2010,2009
"43",92.2403931128783,10928.5982493048,7415.7206327206,16383.6388352095,433.410209848653,63.3346069158144,428.801678032344,2010,2010
"44",346.554349311869,8346.27582953593,8373.14440336518,11343.6092013139,392.022930438844,175.054354019494,311.925023057777,2010,2010
"45",625.188602490765,3533.72648747643,2880.26830659121,6270.58476937745,357.733071094686,298.020413912465,195.488074051378,2010,2010
"46",1552.57055312207,4555.38508505477,2675.54021328128,10374.0175930971,760.389134857414,733.581390997038,350.976153872111,2011,2010
"47",7542.32593543423,19134.064277234,9819.36214821007,46706.4951298521,3603.0804796933,3559.08668724715,1609.55449477872,2011,2010
"48",5829.21091229124,33200.955992481,20346.0482611432,70868.9864177882,7438.60723309624,1236.393647225,3776.73476547698,2011,2010
"49",802.977182444833,6657.6880006641,6594.29813776105,16985.3236240164,1855.69936188777,176.189309880102,525.7070895386,2011,2011
"50",515.776349479018,4873.97469551757,4217.6214017102,16706.675862735,1555.37968984612,137.923137180614,360.677735158515,2011,2011
"51",216.219527321066,3356.75290770068,1728.30157240908,9120.16129295553,822.527103190442,112.228016442756,201.759935230175,2011,2011
"52",167.383558151457,4901.98247265852,1268.19291357584,10771.7910261966,935.726013132997,182.291415227069,244.851032633824,2012,2011
"53",353.618596797667,13126.741502643,2595.31557652436,27221.2572376337,2336.46949068423,499.881321240178,623.926465666683,2012,2011
"54",881.870316113087,9572.58884088081,6428.12655560468,18576.7390001542,3474.88384091957,1307.07636698898,729.519995842843,2012,2011
"55",3330.54452216047,12755.8197551629,24251.0424191878,41199.5266144251,6072.02561564496,4971.91460971722,2269.79081819048,2012,2012
"56",3656.21104254388,6387.47106641296,12364.1452097446,19839.166799849,3644.73760142316,1758.33334074322,991.625340587074,2012,2012
"57",5235.81167808814,7850.97914918606,13030.3425827636,35311.6379622896,6483.53094109357,1233.20792460906,1603.57001475167,2012,2012
"58",6386.93558448048,8396.94753416833,11637.9778739655,30505.6031109571,5624.40308187884,334.511884260478,2123.2332620701,2013,2012
"59",3519.03682473868,8460.79742027391,11068.2182126619,19534.5292190937,3257.11526468984,55.124733873804,1034.88389766524,2013,2012
"60",5128.18059916703,36416.077547054,14498.8316679561,29476.2135722913,7750.86196270895,37.7223811357589,1898.98160822689,2013,2012
"61",4012.2915543747,13578.123685193,9984.52869719603,18089.3704012148,2897.2816470793,11.6458815725335,1441.55982392458,2013,2013
"62",9072.20657027709,13282.7811567628,8755.26752836908,30124.1272188734,2852.12813125176,5.46328412576509,1778.86694762364,2013,2013
"63",6173.43486689033,10659.2147081976,12218.0885483258,29375.8670804882,1673.64258507157,3.59103504979174,1170.03824898475,2013,2013
"64",5833.74285571316,18284.2320801583,28243.5334365373,61403.7863852924,2141.44766501192,5.5627950540874,1814.23795517284,2014,2013
"65",6622.78613703904,38329.1399026876,48889.1983677267,47202.3555160355,5380.70855075972,15.1719158972603,3608.05889917199,2014,2013
"66",1714.03480051388,14334.8610716569,14846.1610380447,12581.6796693218,519.220458148615,9.64736150377903,738.59546292353,2014,2013
"67",5385.94223349386,22765.2838591054,26419.5108402917,37509.9344304619,799.307264438436,94.9238478367281,1068.60668840811,2014,2014
"68",962.459884270032,4197.42042336026,4944.83115467659,6390.36117949914,190.743828606475,108.157463745528,181.952003057993,2014,2014
"69",1177.98210347394,5822.40717893157,7237.37843103905,6165.03967946578,487.293934753179,615.557554718114,174.977141806886,2014,2014
"70",451.769672891388,2614.34501786995,3435.46765113467,1442.27525989276,328.197467408005,505.066703949603,40.539857847009,2015,2014
"71",2328.84822737037,14212.8575223606,10290.2403911133,5655.27518721597,1964.56907892777,3122.732680893,157.710187670615,2015,2014
"72",8873.96274277756,54662.8975922591,34115.0426542546,13075.6052693582,7673.19641374011,12255.550598338,565.735961971906,2015,2014
"73",1987.73967319165,37017.7492888511,9168.99477011629,8072.44754132333,1961.28560410586,17460.3038673156,794.934097472778,2015,2015
"74",302.078628238031,4059.43457865786,1804.15858127281,1588.79508134866,285.009527586271,1776.42101285584,80.9223351119342,2015,2015
"75",2466.80059419253,15180.5272183838,19445.395762969,17127.7419287,2177.70076483243,4443.9857592358,203.215766445441,2015,2015
"76",616.039802818822,5495.9062657847,6668.99130956012,12922.3129842435,1943.18428838647,1065.77613517651,50.0076333462497,2016,2015
"77",513.778994594947,8751.29542368517,13238.2700312271,28178.1500818875,1362.49137034014,702.417160282201,38.5649780953511,2016,2015
"78",221.399393890453,4184.98927273202,5097.94054834931,19876.1716135749,355.847585813331,135.636754578728,13.8037692807476,2016,2015
"79",362.477326878905,5524.7437360892,4525.83251850368,13519.8130005047,385.667974671865,79.8269293076732,20.2029709738975,2016,2016
"80",1093.57201839331,3500.63292424181,3538.92163783515,11040.9662663955,1042.79879091072,153.625821560966,59.4817084540734,2016,2016
"81",753.767700802048,6887.60631543586,6659.10497978603,10090.9648284639,1436.45248416905,657.357930846302,277.893451640978,2016,2016
"82",240.638283246661,2978.49809816642,4710.68894498855,8649.20405116384,2028.81862212364,1416.43221514317,607.024686310472,2017,2016
"83",65.9319995986436,2279.17462350835,3343.99114676762,12555.4765061302,3502.60213147926,2652.36012275568,567.12960194579,2017,2016
"84",20.9370988860763,3892.96712232095,2599.89476090221,9984.97857128141,7495.13729166881,5746.88196586504,453.470739417815,2017,2016
"85",14.972344479073,5641.38239043681,9155.83659246407,17732.3545050313,6199.93338806085,3994.66818133509,1621.24508926701,2017,2017
"86",4.95137996844077,2501.12570257395,3906.13143569319,6623.94188286062,2304.81399341487,1108.4717917012,1129.81123390338,2017,2017
"87",6.89005377211723,2422.79142430228,3556.3366548531,12108.7162122697,2135.85632841069,733.621472958618,1035.24247950522,2017,2017
"88",5.64409050364725,1370.207631689,1821.44996550525,6624.38321291089,1127.16675837111,131.026338964769,536.086416014092,2018,2017
"89",25.3985459154292,5517.73028424843,5258.43190789162,26334.1125870472,4415.60723197359,93.8568725127202,709.987044608677,2018,2017
"90",27.213555593602,961.616888029335,3531.09738253839,6108.53539571576,1317.61049209892,16.1239648132844,470.763566507183,2018,2017
"91",95.1249278573629,803.645722750673,5170.90123192569,3659.96121502371,1051.10396587449,12.7344701536233,251.707627596338,2018,2018
"92",361.091816798641,1631.40352188073,3100.00662101881,4075.90268253963,962.381682007528,24.1319504750236,182.054719673232,2018,2018
"93",774.224331069885,3053.83875153096,1474.8201805174,5667.31944750332,1116.10104914057,44.1669493969296,148.335963985419,2018,2018
"94",4525.01462900938,17469.7055582312,4209.32160283944,30503.5319837104,5715.28033336946,251.677750196872,660.586717980229,2019,2018
"95",5450.73985038979,20977.0949264136,4295.35218974123,36283.5499724712,6742.53077458861,302.030632228262,759.459568571232,2019,2018
"96",9288.17844282991,78618.186133943,14014.2698273809,62391.1797523916,17352.6002399749,1131.85689972592,1464.39563530748,2019,2018
"97",5114.67547699036,22788.0330253819,7429.58346011457,23817.839067993,5165.08522320716,2245.65778923278,1271.74352932976,2019,2019
"98",4092.04170200317,8972.63677508411,5351.41787570837,9746.1367712621,2395.31007225365,876.642686906882,1689.99136179973,2019,2019
"99",2539.66849367191,3699.4685553587,3067.20820473026,4992.34512562625,1126.42287007439,341.410441461786,1570.98512996532,2019,2019
"100",3701.97993276687,2094.33104976451,4022.6521125018,5413.08284796684,1006.40088098453,140.067162489848,2602.26681508368,2020,2019
"101",9216.55546879393,2540.71855553194,9651.53904489629,11965.6456225713,1990.42560144881,58.8679093276365,6731.81276606811,2020,2019
"102",7502.29949274054,5546.72857888333,14898.510871926,27649.9923067996,2851.10848418084,23.489056735335,11903.5329657408,2020,2019
"103",4720.46347765038,4179.92115255878,5758.66312418126,22290.8818890996,4714.13108552513,8.37127418291115,4463.71253987297,2020,2020
"104",1495.12960649695,1050.01093087574,1874.38206042406,4644.69274133389,1150.11458827539,1.82624629416233,1278.59256770959,2020,2020
"105",1023.6062909963,1663.23509035984,1579.29007290904,3735.3962785092,1249.20915434248,1.84345021833295,1390.30258947013,2020,2020
"106",656.097485184305,5214.92851601262,2312.83816712295,4834.77500155907,2829.54632945293,3.78745755738091,2637.91236986036,2021,2020
"107",183.445081111733,6983.59679787965,1946.15505946263,6028.82183618565,3977.07512987359,6.05288294758289,4085.09657036416,2021,2020
"108",89.502861440386,3548.70053954526,1958.78039677595,6722.07592557954,6224.32650226344,19.6534141161704,4781.36585750574,2021,2020
"109",16.2203807513559,818.766680911908,1608.6282188103,5914.32113380332,5187.71986230087,24.3059386838511,1701.01406845376,2021,2021
"110",11.8128176862537,1473.03697525622,2499.22893635689,11391.9277185995,4385.29700920426,121.248805808872,1372.98347814337,2021,2021
"111",3.13499907080359,1985.75022152207,1872.21188512286,3905.09313169911,1558.41824642577,220.531877690697,608.46062062809,2021,2021
"112",2.07344212577792,8542.9932617269,6718.63330793096,6580.1203842024,2819.54330311229,999.701835695163,1508.91370275801,2022,2021
"113",0.774224590089229,12440.0773066284,11983.7696945925,10530.5128106934,5631.01199502567,2558.55661091421,2154.80899798385,2022,2021
"114",0.170102809296467,16662.8453294267,16901.2804440564,14471.4287975305,8131.43354684804,3852.9078714068,2869.87154390365,2022,2021
"115",0.114947073060547,12295.8631439888,21304.8123202706,12814.3575076078,14990.1399282877,5655.83377983702,7932.33979796817,2022,2022
"116",0.024788750393726,4182.61654332493,6399.18512390437,3963.37573934267,4198.79514587307,1219.70092933932,1888.11732191633,2022,2022
"117",0.0130627945846459,7727.33989031199,9883.01827062015,6417.4634005502,5698.06005846488,642.739244278076,1635.26105048783,2022,2022
"118",0.00774908748181098,8705.37220587389,18729.7889598198,14919.5307789998,9554.47939958971,381.284617133777,3552.92209307487,2023,2022
"119",0.00183842176408488,8420.79719660075,19414.6289525086,6824.37673428147,8920.9820363125,90.4573525714913,842.908189814418,2023,2022
"120",0.00110092695281117,13371.1671936061,42348.8970817144,9911.26998903935,5342.27224741845,54.1697990479729,504.770103923293,2023,2022
